Workbook

Sheet Teachers
A1: Teacher ID | B1: Name | C1: Subject | D1: Years of Service | E1: Current Annual Pay | F1: Increase % Applied | G1: Increase Amount | H1: New Annual Pay | I1: Monthly New Pay | J1: Validation
A2: T001 | B2: Alice Brown | C2: Math | D2: 5 | E2: 42000 | F2: =IF(Config!$B$3="flat",Config!$B$4,IF(D2="","",IF(AND(D2>=Config!$B$7,D2<=Config!$C$7),Config!$D$7,IF(AND(D2>=Config!$B$8,D2<=Config!$C$8),Config!$D$8,IF(AND(D2>=Config!$B$9,D2<=Config!$C$9),Config!$D$9,IF(AND(D2>=Config!$B$10,D2<=Config!$C$10),Config!$D$10,0)))))) | G2: =IF(OR(E2="",F2=""),"",E2*F2) | H2: =IF(E2="","",E2+G2) | I2: =IF(H2="","",H2/12) | J2: =IF(A2="","",IF(OR(D2<0,E2<0),"Check years/pay","OK"))
A3: T002 | B3: Brian Clark | C3: English | D3: 12 | E3: 51000 | F3: =IF(Config!$B$3="flat",Config!$B$4,IF(D3="","",IF(AND(D3>=Config!$B$7,D3<=Config!$C$7),Config!$D$7,IF(AND(D3>=Config!$B$8,D3<=Config!$C$8),Config!$D$8,IF(AND(D3>=Config!$B$9,D3<=Config!$C$9),Config!$D$9,IF(AND(D3>=Config!$B$10,D3<=Config!$C$10),Config!$D$10,0)))))) | G3: =IF(OR(E3="",F3=""),"",E3*F3) | H3: =IF(E3="","",E3+G3) | I3: =IF(H3="","",H3/12) | J3: =IF(A3="","",IF(OR(D3<0,E3<0),"Check years/pay","OK"))
A4: T003 | B4: Carla Diaz | C4: Science | D4: 2 | E4: 38000 | F4: =IF(Config!$B$3="flat",Config!$B$4,IF(D4="","",IF(AND(D4>=Config!$B$7,D4<=Config!$C$7),Config!$D$7,IF(AND(D4>=Config!$B$8,D4<=Config!$C$8),Config!$D$8,IF(AND(D4>=Config!$B$9,D4<=Config!$C$9),Config!$D$9,IF(AND(D4>=Config!$B$10,D4<=Config!$C$10),Config!$D$10,0)))))) | G4: =IF(OR(E4="",F4=""),"",E4*F4) | H4: =IF(E4="","",E4+G4) | I4: =IF(H4="","",H4/12) | J4: =IF(A4="","",IF(OR(D4<0,E4<0),"Check years/pay","OK"))
A5: T004 | B5: David Evans | C5: History | D5: 8 | E5: 46000 | F5: =IF(Config!$B$3="flat",Config!$B$4,IF(D5="","",IF(AND(D5>=Config!$B$7,D5<=Config!$C$7),Config!$D$7,IF(AND(D5>=Config!$B$8,D5<=Config!$C$8),Config!$D$8,IF(AND(D5>=Config!$B$9,D5<=Config!$C$9),Config!$D$9,IF(AND(D5>=Config!$B$10,D5<=Config!$C$10),Config!$D$10,0)))))) | G5: =IF(OR(E5="",F5=""),"",E5*F5) | H5: =IF(E5="","",E5+G5) | I5: =IF(H5="","",H5/12) | J5: =IF(A5="","",IF(OR(D5<0,E5<0),"Check years/pay","OK"))
A6: T005 | B6: Elena Foster | C6: Art | D6: 15 | E6: 54000 | F6: =IF(Config!$B$3="flat",Config!$B$4,IF(D6="","",IF(AND(D6>=Config!$B$7,D6<=Config!$C$7),Config!$D$7,IF(AND(D6>=Config!$B$8,D6<=Config!$C$8),Config!$D$8,IF(AND(D6>=Config!$B$9,D6<=Config!$C$9),Config!$D$9,IF(AND(D6>=Config!$B$10,D6<=Config!$C$10),Config!$D$10,0)))))) | G6: =IF(OR(E6="",F6=""),"",E6*F6) | H6: =IF(E6="","",E6+G6) | I6: =IF(H6="","",H6/12) | J6: =IF(A6="","",IF(OR(D6<0,E6<0),"Check years/pay","OK"))
A7: T006 | B7: Frank Green | C7: PE | D7: 3 | E7: 39000 | F7: =IF(Config!$B$3="flat",Config!$B$4,IF(D7="","",IF(AND(D7>=Config!$B$7,D7<=Config!$C$7),Config!$D$7,IF(AND(D7>=Config!$B$8,D7<=Config!$C$8),Config!$D$8,IF(AND(D7>=Config!$B$9,D7<=Config!$C$9),Config!$D$9,IF(AND(D7>=Config!$B$10,D7<=Config!$C$10),Config!$D$10,0)))))) | G7: =IF(OR(E7="",F7=""),"",E7*F7) | H7: =IF(E7="","",E7+G7) | I7: =IF(H7="","",H7/12) | J7: =IF(A7="","",IF(OR(D7<0,E7<0),"Check years/pay","OK"))
A8: T007 | B8: Grace Hill | C8: Math | D8: 9 | E8: 47500 | F8: =IF(Config!$B$3="flat",Config!$B$4,IF(D8="","",IF(AND(D8>=Config!$B$7,D8<=Config!$C$7),Config!$D$7,IF(AND(D8>=Config!$B$8,D8<=Config!$C$8),Config!$D$8,IF(AND(D8>=Config!$B$9,D8<=Config!$C$9),Config!$D$9,IF(AND(D8>=Config!$B$10,D8<=Config!$C$10),Config!$D$10,0)))))) | G8: =IF(OR(E8="",F8=""),"",E8*F8) | H8: =IF(E8="","",E8+G8) | I8: =IF(H8="","",H8/12) | J8: =IF(A8="","",IF(OR(D8<0,E8<0),"Check years/pay","OK"))
A9: T008 | B9: Henry Ives | C9: English | D9: 1 | E9: 36000 | F9: =IF(Config!$B$3="flat",Config!$B$4,IF(D9="","",IF(AND(D9>=Config!$B$7,D9<=Config!$C$7),Config!$D$7,IF(AND(D9>=Config!$B$8,D9<=Config!$C$8),Config!$D$8,IF(AND(D9>=Config!$B$9,D9<=Config!$C$9),Config!$D$9,IF(AND(D9>=Config!$B$10,D9<=Config!$C$10),Config!$D$10,0)))))) | G9: =IF(OR(E9="",F9=""),"",E9*F9) | H9: =IF(E9="","",E9+G9) | I9: =IF(H9="","",H9/12) | J9: =IF(A9="","",IF(OR(D9<0,E9<0),"Check years/pay","OK"))
A10: T009 | B10: Ivy Jones | C10: Science | D10: 7 | E10: 45000 | F10: =IF(Config!$B$3="flat",Config!$B$4,IF(D10="","",IF(AND(D10>=Config!$B$7,D10<=Config!$C$7),Config!$D$7,IF(AND(D10>=Config!$B$8,D10<=Config!$C$8),Config!$D$8,IF(AND(D10>=Config!$B$9,D10<=Config!$C$9),Config!$D$9,IF(AND(D10>=Config!$B$10,D10<=Config!$C$10),Config!$D$10,0)))))) | G10: =IF(OR(E10="",F10=""),"",E10*F10) | H10: =IF(E10="","",E10+G10) | I10: =IF(H10="","",H10/12) | J10: =IF(A10="","",IF(OR(D10<0,E10<0),"Check years/pay","OK"))
A11: T010 | B11: Jack King | C11: Music | D11: 11 | E11: 50000 | F11: =IF(Config!$B$3="flat",Config!$B$4,IF(D11="","",IF(AND(D11>=Config!$B$7,D11<=Config!$C$7),Config!$D$7,IF(AND(D11>=Config!$B$8,D11<=Config!$C$8),Config!$D$8,IF(AND(D11>=Config!$B$9,D11<=Config!$C$9),Config!$D$9,IF(AND(D11>=Config!$B$10,D11<=Config!$C$10),Config!$D$10,0)))))) | G11: =IF(OR(E11="",F11=""),"",E11*F11) | H11: =IF(E11="","",E11+G11) | I11: =IF(H11="","",H11/12) | J11: =IF(A11="","",IF(OR(D11<0,E11<0),"Check years/pay","OK"))
A12: T011 | B12: Kara Lee | C12: Math | D12: 4 | E12: 41000 | F12: =IF(Config!$B$3="flat",Config!$B$4,IF(D12="","",IF(AND(D12>=Config!$B$7,D12<=Config!$C$7),Config!$D$7,IF(AND(D12>=Config!$B$8,D12<=Config!$C$8),Config!$D$8,IF(AND(D12>=Config!$B$9,D12<=Config!$C$9),Config!$D$9,IF(AND(D12>=Config!$B$10,D12<=Config!$C$10),Config!$D$10,0)))))) | G12: =IF(OR(E12="",F12=""),"",E12*F12) | H12: =IF(E12="","",E12+G12) | I12: =IF(H12="","",H12/12) | J12: =IF(A12="","",IF(OR(D12<0,E12<0),"Check years/pay","OK"))
A13: T012 | B13: Leo Martin | C13: English | D13: 6 | E13: 43500 | F13: =IF(Config!$B$3="flat",Config!$B$4,IF(D13="","",IF(AND(D13>=Config!$B$7,D13<=Config!$C$7),Config!$D$7,IF(AND(D13>=Config!$B$8,D13<=Config!$C$8),Config!$D$8,IF(AND(D13>=Config!$B$9,D13<=Config!$C$9),Config!$D$9,IF(AND(D13>=Config!$B$10,D13<=Config!$C$10),Config!$D$10,0)))))) | G13: =IF(OR(E13="",F13=""),"",E13*F13) | H13: =IF(E13="","",E13+G13) | I13: =IF(H13="","",H13/12) | J13: =IF(A13="","",IF(OR(D13<0,E13<0),"Check years/pay","OK"))
... A31: T030 | B31: Dan Ellis | C31: History | D31: 5 | E31: 41500 | F31: =IF(Config!$B$3="flat",Config!$B$4,IF(D31="","",IF(AND(D31>=Config!$B$7,D31<=Config!$C$7),Config!$D$7,IF(AND(D31>=Config!$B$8,D31<=Config!$C$8),Config!$D$8,IF(AND(D31>=Config!$B$9,D31<=Config!$C$9),Config!$D$9,IF(AND(D31>=Config!$B$10,D31<=Config!$C$10),Config!$D$10,0)))))) | G31: =IF(OR(E31="",F31=""),"",E31*F31) | H31: =IF(E31="","",E31+G31) | I31: =IF(H31="","",H31/12) | J31: =IF(A31="","",IF(OR(D31<0,E31<0),"Check years/pay","OK"))
F32: =IF(A32="","",IF(Config!$B$3="flat",Config!$B$4,IF(AND(D32>=Config!$B$7,D32<=Config!$C$7),Config!$D$7,IF(AND(D32>=Config!$B$8,D32<=Config!$C$8),Config!$D$8,IF(AND(D32>=Config!$B$9,D32<=Config!$C$9),Config!$D$9,IF(AND(D32>=Config!$B$10,D32<=Config!$C$10),Config!$D$10,0)))))) | G32: =IF(OR(A32="",E32=""),"",E32*F32) | H32: =IF(A32="","",E32+G32) | I32: =IF(A32="","",H32/12) | J32: =IF(A32="","",IF(OR(D32<0,E32<0),"Check years/pay","OK"))
F33: =IF(A33="","",IF(Config!$B$3="flat",Config!$B$4,IF(AND(D33>=Config!$B$7,D33<=Config!$C$7),Config!$D$7,IF(AND(D33>=Config!$B$8,D33<=Config!$C$8),Config!$D$8,IF(AND(D33>=Config!$B$9,D33<=Config!$C$9),Config!$D$9,IF(AND(D33>=Config!$B$10,D33<=Config!$C$10),Config!$D$10,0)))))) | G33: =IF(OR(A33="",E33=""),"",E33*F33) | H33: =IF(A33="","",E33+G33) | I33: =IF(A33="","",H33/12) | J33: =IF(A33="","",IF(OR(D33<0,E33<0),"Check years/pay","OK"))
F34: =IF(A34="","",IF(Config!$B$3="flat",Config!$B$4,IF(AND(D34>=Config!$B$7,D34<=Config!$C$7),Config!$D$7,IF(AND(D34>=Config!$B$8,D34<=Config!$C$8),Config!$D$8,IF(AND(D34>=Config!$B$9,D34<=Config!$C$9),Config!$D$9,IF(AND(D34>=Config!$B$10,D34<=Config!$C$10),Config!$D$10,0)))))) | G34: =IF(OR(A34="",E34=""),"",E34*F34) | H34: =IF(A34="","",E34+G34) | I34: =IF(A34="","",H34/12) | J34: =IF(A34="","",IF(OR(D34<0,E34<0),"Check years/pay","OK"))
F35: =IF(A35="","",IF(Config!$B$3="flat",Config!$B$4,IF(AND(D35>=Config!$B$7,D35<=Config!$C$7),Config!$D$7,IF(AND(D35>=Config!$B$8,D35<=Config!$C$8),Config!$D$8,IF(AND(D35>=Config!$B$9,D35<=Config!$C$9),Config!$D$9,IF(AND(D35>=Config!$B$10,D35<=Config!$C$10),Config!$D$10,0)))))) | G35: =IF(OR(A35="",E35=""),"",E35*F35) | H35: =IF(A35="","",E35+G35) | I35: =IF(A35="","",H35/12) | J35: =IF(A35="","",IF(OR(D35<0,E35<0),"Check years/pay","OK"))
F36: =IF(A36="","",IF(Config!$B$3="flat",Config!$B$4,IF(AND(D36>=Config!$B$7,D36<=Config!$C$7),Config!$D$7,IF(AND(D36>=Config!$B$8,D36<=Config!$C$8),Config!$D$8,IF(AND(D36>=Config!$B$9,D36<=Config!$C$9),Config!$D$9,IF(AND(D36>=Config!$B$10,D36<=Config!$C$10),Config!$D$10,0)))))) | G36: =IF(OR(A36="",E36=""),"",E36*F36) | H36: =IF(A36="","",E36+G36) | I36: =IF(A36="","",H36/12) | J36: =IF(A36="","",IF(OR(D36<0,E36<0),"Check years/pay","OK"))
F37: =IF(A37="","",IF(Config!$B$3="flat",Config!$B$4,IF(AND(D37>=Config!$B$7,D37<=Config!$C$7),Config!$D$7,IF(AND(D37>=Config!$B$8,D37<=Config!$C$8),Config!$D$8,IF(AND(D37>=Config!$B$9,D37<=Config!$C$9),Config!$D$9,IF(AND(D37>=Config!$B$10,D37<=Config!$C$10),Config!$D$10,0)))))) | G37: =IF(OR(A37="",E37=""),"",E37*F37) | H37: =IF(A37="","",E37+G37) | I37: =IF(A37="","",H37/12) | J37: =IF(A37="","",IF(OR(D37<0,E37<0),"Check years/pay","OK"))
F38: =IF(A38="","",IF(Config!$B$3="flat",Config!$B$4,IF(AND(D38>=Config!$B$7,D38<=Config!$C$7),Config!$D$7,IF(AND(D38>=Config!$B$8,D38<=Config!$C$8),Config!$D$8,IF(AND(D38>=Config!$B$9,D38<=Config!$C$9),Config!$D$9,IF(AND(D38>=Config!$B$10,D38<=Config!$C$10),Config!$D$10,0)))))) | G38: =IF(OR(A38="",E38=""),"",E38*F38) | H38: =IF(A38="","",E38+G38) | I38: =IF(A38="","",H38/12) | J38: =IF(A38="","",IF(OR(D38<0,E38<0),"Check years/pay","OK"))
F39: =IF(A39="","",IF(Config!$B$3="flat",Config!$B$4,IF(AND(D39>=Config!$B$7,D39<=Config!$C$7),Config!$D$7,IF(AND(D39>=Config!$B$8,D39<=Config!$C$8),Config!$D$8,IF(AND(D39>=Config!$B$9,D39<=Config!$C$9),Config!$D$9,IF(AND(D39>=Config!$B$10,D39<=Config!$C$10),Config!$D$10,0)))))) | G39: =IF(OR(A39="",E39=""),"",E39*F39) | H39: =IF(A39="","",E39+G39) | I39: =IF(A39="","",H39/12) | J39: =IF(A39="","",IF(OR(D39<0,E39<0),"Check years/pay","OK"))
F40: =IF(A40="","",IF(Config!$B$3="flat",Config!$B$4,IF(AND(D40>=Config!$B$7,D40<=Config!$C$7),Config!$D$7,IF(AND(D40>=Config!$B$8,D40<=Config!$C$8),Config!$D$8,IF(AND(D40>=Config!$B$9,D40<=Config!$C$9),Config!$D$9,IF(AND(D40>=Config!$B$10,D40<=Config!$C$10),Config!$D$10,0)))))) | G40: =IF(OR(A40="",E40=""),"",E40*F40) | H40: =IF(A40="","",E40+G40) | I40: =IF(A40="","",H40/12) | J40: =IF(A40="","",IF(OR(D40<0,E40<0),"Check years/pay","OK"))
F41: =IF(A41="","",IF(Config!$B$3="flat",Config!$B$4,IF(AND(D41>=Config!$B$7,D41<=Config!$C$7),Config!$D$7,IF(AND(D41>=Config!$B$8,D41<=Config!$C$8),Config!$D$8,IF(AND(D41>=Config!$B$9,D41<=Config!$C$9),Config!$D$9,IF(AND(D41>=Config!$B$10,D41<=Config!$C$10),Config!$D$10,0)))))) | G41: =IF(OR(A41="",E41=""),"",E41*F41) | H41: =IF(A41="","",E41+G41) | I41: =IF(A41="","",H41/12) | J41: =IF(A41="","",IF(OR(D41<0,E41<0),"Check years/pay","OK"))
F42: =IF(A42="","",IF(Config!$B$3="flat",Config!$B$4,IF(AND(D42>=Config!$B$7,D42<=Config!$C$7),Config!$D$7,IF(AND(D42>=Config!$B$8,D42<=Config!$C$8),Config!$D$8,IF(AND(D42>=Config!$B$9,D42<=Config!$C$9),Config!$D$9,IF(AND(D42>=Config!$B$10,D42<=Config!$C$10),Config!$D$10,0)))))) | G42: =IF(OR(A42="",E42=""),"",E42*F42) | H42: =IF(A42="","",E42+G42) | I42: =IF(A42="","",H42/12) | J42: =IF(A42="","",IF(OR(D42<0,E42<0),"Check years/pay","OK"))
F43: =IF(A43="","",IF(Config!$B$3="flat",Config!$B$4,IF(AND(D43>=Config!$B$7,D43<=Config!$C$7),Config!$D$7,IF(AND(D43>=Config!$B$8,D43<=Config!$C$8),Config!$D$8,IF(AND(D43>=Config!$B$9,D43<=Config!$C$9),Config!$D$9,IF(AND(D43>=Config!$B$10,D43<=Config!$C$10),Config!$D$10,0)))))) | G43: =IF(OR(A43="",E43=""),"",E43*F43) | H43: =IF(A43="","",E43+G43) | I43: =IF(A43="","",H43/12) | J43: =IF(A43="","",IF(OR(D43<0,E43<0),"Check years/pay","OK"))
... F50: =IF(A50="","",IF(Config!$B$3="flat",Config!$B$4,IF(AND(D50>=Config!$B$7,D50<=Config!$C$7),Config!$D$7,IF(AND(D50>=Config!$B$8,D50<=Config!$C$8),Config!$D$8,IF(AND(D50>=Config!$B$9,D50<=Config!$C$9),Config!$D$9,IF(AND(D50>=Config!$B$10,D50<=Config!$C$10),Config!$D$10,0)))))) | G50: =IF(OR(A50="",E50=""),"",E50*F50) | H50: =IF(A50="","",E50+G50) | I50: =IF(A50="","",H50/12) | J50: =IF(A50="","",IF(OR(D50<0,E50<0),"Check years/pay","OK"))

Sheet Config
A1: Pay Increase Settings
A3: Mode | B3: tiered | C3: flat = use Flat Increase % for everyone; tiered = use Years of Service bands
A4: Flat Increase % | B4: 0.05
A6: Tier | B6: Min Years | C6: Max Years | D6: Increase %
A7: 1 | B7: 0 | C7: 2 | D7: 0.03
A8: 2 | B8: 3 | C8: 5 | D8: 0.05
A9: 3 | B9: 6 | C9: 10 | D9: 0.07
A10: 4 | B10: 11 | C10: 99 | D10: 0.09
A12: How to use
A13: 1) Edit yellow cells in Config
A14: 2) Fill / replace teachers on Teachers sheet (yellow = input)
A15: 3) Green columns calculate automatically
A16: 4) Open Summary for totals

Sheet Summary
A1: Payroll Increase Summary
A3: Teacher count | B3: =COUNTA(Teachers!A2:A50)-COUNTBLANK(Teachers!A2:A50)
A4: Current payroll (annual) | B4: =SUMIF(Teachers!A2:A50,"<>",Teachers!E2:E50)
A5: Total increase (annual) | B5: =SUMIF(Teachers!A2:A50,"<>",Teachers!G2:G50)
A6: New payroll (annual) | B6: =SUMIF(Teachers!A2:A50,"<>",Teachers!H2:H50)
A7: New payroll (monthly) | B7: =B6/12
A9: Validation issues | B9: =COUNTIF(Teachers!J2:J50,"Check years/pay")
